<?xml version="1.0" encoding="UTF-8"?>
<!--
  ~ Copyright (c) 2018. Prashant Kumar Pandey
  ~
  ~ Licensed under the Apache License, Version 2.0 (the "License");
  ~ You may not use this file except in compliance with the License.
  ~ You may obtain a copy of the License at
  ~
  ~ http://www.apache.org/licenses/LICENSE-2.0
  ~
  ~ Unless required by applicable law or agreed to in writing,
  ~ software distributed under the License is distributed on an "AS IS" BASIS,
  ~ WITHOUT WARRANTIES OR CONDITIONS OF ANY KIND, either express or implied.
  ~ See the License for the specific language governing permissions and limitations under the License.
  -->

<Configuration status="ERROR">
    <Appenders>
        <Console name="stdout" target="SYSTEM_OUT">
            <PatternLayout pattern="[%d] (%c) - %p %m %n"/>
        </Console>
    </Appenders>
    <Loggers>
        <Root level="error">
            <AppenderRef ref="stdout"/>
        </Root>
        <Logger name="org.apache.kafka.clients" level="warn" additivity="false">
            <AppenderRef ref="stdout"/>
        </Logger>
        <Logger name="com.examples" level="trace" additivity="false">
            <AppenderRef ref="stdout"/>
        </Logger>
    </Loggers>
</Configuration>